attribute_1,attribute_2,pearson_correlation
n_samples,n_samples,1.0
n_samples,u1_norm_avg,0.013483092613545957
n_samples,u1_norm_max,0.08064135265626647
n_samples,u1_norm_min,-0.015570278595501412
n_samples,u1_norm_skewness,0.03934625597346722
n_samples,u1_norm_kurtosis,-0.016040250498522087
n_samples,u2_norm_avg,0.04281006258972161
n_samples,u2_norm_max,0.12657397910083254
n_samples,u2_norm_min,0.0049924686384588066
n_samples,u2_norm_skewness,0.04049812722494066
n_samples,u2_norm_kurtosis,-0.01840304274856104
n_samples,u3_norm_avg,0.019996650671827917
n_samples,u3_norm_max,0.05891334721732619
n_samples,u3_norm_min,-0.0034671370023811746
n_samples,u3_norm_skewness,0.024123457667000955
n_samples,u3_norm_kurtosis,-0.015070260735419219
n_samples,i1_norm_avg,-0.05283173956611991
n_samples,i1_norm_max,0.0010885557165413557
n_samples,i1_norm_min,-0.10089711149059351
n_samples,i1_norm_skewness,-0.07047819643429012
n_samples,i1_norm_kurtosis,-0.02764342077694047
n_samples,i2_norm_avg,-0.03929051411865621
n_samples,i2_norm_max,0.012322857724765638
n_samples,i2_norm_min,-0.09129861119213366
n_samples,i2_norm_skewness,-0.06309757778845641
n_samples,i2_norm_kurtosis,-0.05469916306737368
n_samples,i3_norm_avg,0.17659164017378903
n_samples,i3_norm_max,0.17511046502167554
n_samples,i3_norm_min,-0.006583396611833393
n_samples,i3_norm_skewness,-0.0965274953381039
n_samples,i3_norm_kurtosis,-0.04345013154768904
u1_norm_avg,n_samples,0.013483092613545957
u1_norm_avg,u1_norm_avg,1.0
u1_norm_avg,u1_norm_max,0.9469988478122938
u1_norm_avg,u1_norm_min,0.9300535680198146
u1_norm_avg,u1_norm_skewness,-0.3645795093474618
u1_norm_avg,u1_norm_kurtosis,0.15363825355868801
u1_norm_avg,u2_norm_avg,0.9192628730593253
u1_norm_avg,u2_norm_max,0.8703397666467872
u1_norm_avg,u2_norm_min,0.8565261633046088
u1_norm_avg,u2_norm_skewness,-0.3427286046398083
u1_norm_avg,u2_norm_kurtosis,0.19695218964473069
u1_norm_avg,u3_norm_avg,0.9214589792221867
u1_norm_avg,u3_norm_max,0.8580324062656856
u1_norm_avg,u3_norm_min,0.8659832534765544
u1_norm_avg,u3_norm_skewness,-0.34025977135509544
u1_norm_avg,u3_norm_kurtosis,0.11218933730666587
u1_norm_avg,i1_norm_avg,-0.00047123851368721854
u1_norm_avg,i1_norm_max,0.003952080016045603
u1_norm_avg,i1_norm_min,-0.012220195256922486
u1_norm_avg,i1_norm_skewness,-0.07700336256114865
u1_norm_avg,i1_norm_kurtosis,-0.05869672576953572
u1_norm_avg,i2_norm_avg,-0.07223987376043224
u1_norm_avg,i2_norm_max,-0.028184586175827246
u1_norm_avg,i2_norm_min,-0.0583705913554977
u1_norm_avg,i2_norm_skewness,0.002490175740465649
u1_norm_avg,i2_norm_kurtosis,-0.019913115576313836
u1_norm_avg,i3_norm_avg,-0.02592737851161496
u1_norm_avg,i3_norm_max,-0.03210571701566687
u1_norm_avg,i3_norm_min,-0.017112763894527174
u1_norm_avg,i3_norm_skewness,-0.011339566134276847
u1_norm_avg,i3_norm_kurtosis,-0.03713337647434564
u1_norm_max,n_samples,0.08064135265626647
u1_norm_max,u1_norm_avg,0.9469988478122938
u1_norm_max,u1_norm_max,1.0
u1_norm_max,u1_norm_min,0.8445625329154062
u1_norm_max,u1_norm_skewness,-0.2187272967523803
u1_norm_max,u1_norm_kurtosis,0.13034237128280016
u1_norm_max,u2_norm_avg,0.8778983191164417
u1_norm_max,u2_norm_max,0.9149426892230147
u1_norm_max,u2_norm_min,0.7801705245032473
u1_norm_max,u2_norm_skewness,-0.2369316129012517
u1_norm_max,u2_norm_kurtosis,0.13741375903621997
u1_norm_max,u3_norm_avg,0.8762445999945214
u1_norm_max,u3_norm_max,0.8956747184349076
u1_norm_max,u3_norm_min,0.7895875552969077
u1_norm_max,u3_norm_skewness,-0.21334873454065928
u1_norm_max,u3_norm_kurtosis,0.10413660159978332
u1_norm_max,i1_norm_avg,0.03274580710210815
u1_norm_max,i1_norm_max,0.03896293829260605
u1_norm_max,i1_norm_min,0.0034953103091658667
u1_norm_max,i1_norm_skewness,-0.09226375418833577
u1_norm_max,i1_norm_kurtosis,-0.05051830625653654
u1_norm_max,i2_norm_avg,-0.04380326588233099
u1_norm_max,i2_norm_max,0.013325722815883345
u1_norm_max,i2_norm_min,-0.058579063585695375
u1_norm_max,i2_norm_skewness,-0.0289556056501392
u1_norm_max,i2_norm_kurtosis,-0.03601047420079701
u1_norm_max,i3_norm_avg,0.03410367609275311
u1_norm_max,i3_norm_max,0.030637378168390562
u1_norm_max,i3_norm_min,0.0051208482889983685
u1_norm_max,i3_norm_skewness,-0.034957296837986415
u1_norm_max,i3_norm_kurtosis,-0.034311804506566575
u1_norm_min,n_samples,-0.015570278595501412
u1_norm_min,u1_norm_avg,0.9300535680198146
u1_norm_min,u1_norm_max,0.8445625329154062
u1_norm_min,u1_norm_min,1.0
u1_norm_min,u1_norm_skewness,-0.24862298917360132
u1_norm_min,u1_norm_kurtosis,0.13798951612988888
u1_norm_min,u2_norm_avg,0.8560929998229837
u1_norm_min,u2_norm_max,0.7740624712056409
u1_norm_min,u2_norm_min,0.9129164812850689
u1_norm_min,u2_norm_skewness,-0.2543275144243867
u1_norm_min,u2_norm_kurtosis,0.174369413803228
u1_norm_min,u3_norm_avg,0.8563353555688811
u1_norm_min,u3_norm_max,0.7654439317054499
u1_norm_min,u3_norm_min,0.9165640181426239
u1_norm_min,u3_norm_skewness,-0.22366919441821034
u1_norm_min,u3_norm_kurtosis,0.07524271248388012
u1_norm_min,i1_norm_avg,-0.034160847457177436
u1_norm_min,i1_norm_max,-0.04484451269389753
u1_norm_min,i1_norm_min,-0.021873521457567734
u1_norm_min,i1_norm_skewness,-0.05311615981039606
u1_norm_min,i1_norm_kurtosis,-0.05357528023764229
u1_norm_min,i2_norm_avg,-0.08968627288109522
u1_norm_min,i2_norm_max,-0.07685390746499056
u1_norm_min,i2_norm_min,-0.05018692013982695
u1_norm_min,i2_norm_skewness,0.026069087185459413
u1_norm_min,i2_norm_kurtosis,-0.00013661385687639092
u1_norm_min,i3_norm_avg,-0.06559611783544476
u1_norm_min,i3_norm_max,-0.08658026069848829
u1_norm_min,i3_norm_min,-0.02462714677997845
u1_norm_min,i3_norm_skewness,0.00908398019847333
u1_norm_min,i3_norm_kurtosis,-0.032131562981112624
u1_norm_skewness,n_samples,0.03934625597346722
u1_norm_skewness,u1_norm_avg,-0.3645795093474618
u1_norm_skewness,u1_norm_max,-0.2187272967523803
u1_norm_skewness,u1_norm_min,-0.24862298917360132
u1_norm_skewness,u1_norm_skewness,1.0
u1_norm_skewness,u1_norm_kurtosis,-0.4683225058595041
u1_norm_skewness,u2_norm_avg,-0.3188956507723471
u1_norm_skewness,u2_norm_max,-0.20404817939647138
u1_norm_skewness,u2_norm_min,-0.2399417181030495
u1_norm_skewness,u2_norm_skewness,0.7728494212672972
u1_norm_skewness,u2_norm_kurtosis,-0.6069273276077052
u1_norm_skewness,u3_norm_avg,-0.33184994608747215
u1_norm_skewness,u3_norm_max,-0.196809978510659
u1_norm_skewness,u3_norm_min,-0.26032786727731316
u1_norm_skewness,u3_norm_skewness,0.7037538265334277
u1_norm_skewness,u3_norm_kurtosis,-0.1872349657641357
u1_norm_skewness,i1_norm_avg,0.015168654735229468
u1_norm_skewness,i1_norm_max,-0.05341471942982798
u1_norm_skewness,i1_norm_min,0.050558383956120494
u1_norm_skewness,i1_norm_skewness,0.018594010572254
u1_norm_skewness,i1_norm_kurtosis,0.02918845481458526
u1_norm_skewness,i2_norm_avg,0.01953557129352036
u1_norm_skewness,i2_norm_max,-0.04955444829336658
u1_norm_skewness,i2_norm_min,0.039152446608345125
u1_norm_skewness,i2_norm_skewness,0.009563558498308623
u1_norm_skewness,i2_norm_kurtosis,0.04247501353527142
u1_norm_skewness,i3_norm_avg,0.08947781163239811
u1_norm_skewness,i3_norm_max,0.0769038397586075
u1_norm_skewness,i3_norm_min,0.06723940622920024
u1_norm_skewness,i3_norm_skewness,-0.01080982882482078
u1_norm_skewness,i3_norm_kurtosis,0.028192727069976335
u1_norm_kurtosis,n_samples,-0.016040250498522087
u1_norm_kurtosis,u1_norm_avg,0.15363825355868801
u1_norm_kurtosis,u1_norm_max,0.13034237128280016
u1_norm_kurtosis,u1_norm_min,0.13798951612988888
u1_norm_kurtosis,u1_norm_skewness,-0.4683225058595041
u1_norm_kurtosis,u1_norm_kurtosis,1.0
u1_norm_kurtosis,u2_norm_avg,0.19901639494337237
u1_norm_kurtosis,u2_norm_max,0.14145246491723235
u1_norm_kurtosis,u2_norm_min,0.1824472726341427
u1_norm_kurtosis,u2_norm_skewness,-0.5474817430659277
u1_norm_kurtosis,u2_norm_kurtosis,0.708236667896007
u1_norm_kurtosis,u3_norm_avg,0.14967909195406556
u1_norm_kurtosis,u3_norm_max,0.11660863985211761
u1_norm_kurtosis,u3_norm_min,0.15591769067725814
u1_norm_kurtosis,u3_norm_skewness,-0.16050879271265633
u1_norm_kurtosis,u3_norm_kurtosis,0.5998057471740557
u1_norm_kurtosis,i1_norm_avg,-0.02130542978752722
u1_norm_kurtosis,i1_norm_max,0.02744451838440284
u1_norm_kurtosis,i1_norm_min,-0.05257929540386875
u1_norm_kurtosis,i1_norm_skewness,-0.006537745189827965
u1_norm_kurtosis,i1_norm_kurtosis,-0.0017816668573818497
u1_norm_kurtosis,i2_norm_avg,-0.014483033800882228
u1_norm_kurtosis,i2_norm_max,0.030107442355672996
u1_norm_kurtosis,i2_norm_min,-0.04075590310010529
u1_norm_kurtosis,i2_norm_skewness,0.02128529282078269
u1_norm_kurtosis,i2_norm_kurtosis,0.04135686787950091
u1_norm_kurtosis,i3_norm_avg,-0.07038827942601361
u1_norm_kurtosis,i3_norm_max,-0.07886303558478888
u1_norm_kurtosis,i3_norm_min,-0.049079927806828245
u1_norm_kurtosis,i3_norm_skewness,0.024707149248399733
u1_norm_kurtosis,i3_norm_kurtosis,0.03317851831293783
u2_norm_avg,n_samples,0.04281006258972161
u2_norm_avg,u1_norm_avg,0.9192628730593253
u2_norm_avg,u1_norm_max,0.8778983191164417
u2_norm_avg,u1_norm_min,0.8560929998229837
u2_norm_avg,u1_norm_skewness,-0.3188956507723471
u2_norm_avg,u1_norm_kurtosis,0.19901639494337237
u2_norm_avg,u2_norm_avg,1.0
u2_norm_avg,u2_norm_max,0.9453563244868338
u2_norm_avg,u2_norm_min,0.9243161317460985
u2_norm_avg,u2_norm_skewness,-0.3677419535824193
u2_norm_avg,u2_norm_kurtosis,0.19430009452354496
u2_norm_avg,u3_norm_avg,0.9195405121965581
u2_norm_avg,u3_norm_max,0.8623829423534984
u2_norm_avg,u3_norm_min,0.8555695710710995
u2_norm_avg,u3_norm_skewness,-0.3285168899642993
u2_norm_avg,u3_norm_kurtosis,0.15000775613778666
u2_norm_avg,i1_norm_avg,-0.0036622677791181947
u2_norm_avg,i1_norm_max,0.044018801687381356
u2_norm_avg,i1_norm_min,-0.013006650186152768
u2_norm_avg,i1_norm_skewness,-0.05366216829775292
u2_norm_avg,i1_norm_kurtosis,-0.06986593880202262
u2_norm_avg,i2_norm_avg,-0.10785788713401606
u2_norm_avg,i2_norm_max,-0.021900256132904538
u2_norm_avg,i2_norm_min,-0.08128333560761557
u2_norm_avg,i2_norm_skewness,0.04501389599935457
u2_norm_avg,i2_norm_kurtosis,-0.03177649339596848
u2_norm_avg,i3_norm_avg,-0.042141371475074345
u2_norm_avg,i3_norm_max,-0.0022136510384816875
u2_norm_avg,i3_norm_min,-0.03882535638077204
u2_norm_avg,i3_norm_skewness,0.012380997340951794
u2_norm_avg,i3_norm_kurtosis,-0.07733651727455915
u2_norm_max,n_samples,0.12657397910083254
u2_norm_max,u1_norm_avg,0.8703397666467872
u2_norm_max,u1_norm_max,0.9149426892230147
u2_norm_max,u1_norm_min,0.7740624712056409
u2_norm_max,u1_norm_skewness,-0.20404817939647138
u2_norm_max,u1_norm_kurtosis,0.14145246491723235
u2_norm_max,u2_norm_avg,0.9453563244868338
u2_norm_max,u2_norm_max,1.0
u2_norm_max,u2_norm_min,0.8323930242934142
u2_norm_max,u2_norm_skewness,-0.2443055111546405
u2_norm_max,u2_norm_kurtosis,0.12659957805779362
u2_norm_max,u3_norm_avg,0.8664234036032191
u2_norm_max,u3_norm_max,0.8937252775957089
u2_norm_max,u3_norm_min,0.7715081729224932
u2_norm_max,u3_norm_skewness,-0.20986133032572415
u2_norm_max,u3_norm_kurtosis,0.1078068160694096
u2_norm_max,i1_norm_avg,0.024685361583199294
u2_norm_max,i1_norm_max,0.07442308933854375
u2_norm_max,i1_norm_min,0.00228786609150314
u2_norm_max,i1_norm_skewness,-0.06778640609143537
u2_norm_max,i1_norm_kurtosis,-0.06087543784636946
u2_norm_max,i2_norm_avg,-0.08099221819343712
u2_norm_max,i2_norm_max,0.015589131022124322
u2_norm_max,i2_norm_min,-0.07775231273818461
u2_norm_max,i2_norm_skewness,0.0036643945028101413
u2_norm_max,i2_norm_kurtosis,-0.04960108870564934
u2_norm_max,i3_norm_avg,0.021743963596610336
u2_norm_max,i3_norm_max,0.062351216077773865
u2_norm_max,i3_norm_min,-0.01078427811516557
u2_norm_max,i3_norm_skewness,-0.01723786191543952
u2_norm_max,i3_norm_kurtosis,-0.07476277652275162
u2_norm_min,n_samples,0.0049924686384588066
u2_norm_min,u1_norm_avg,0.8565261633046088
u2_norm_min,u1_norm_max,0.7801705245032473
u2_norm_min,u1_norm_min,0.9129164812850689
u2_norm_min,u1_norm_skewness,-0.2399417181030495
u2_norm_min,u1_norm_kurtosis,0.1824472726341427
u2_norm_min,u2_norm_avg,0.9243161317460985
u2_norm_min,u2_norm_max,0.8323930242934142
u2_norm_min,u2_norm_min,1.0
u2_norm_min,u2_norm_skewness,-0.2595953078979565
u2_norm_min,u2_norm_kurtosis,0.18788423448410854
u2_norm_min,u3_norm_avg,0.8520532399615514
u2_norm_min,u3_norm_max,0.7638483368566774
u2_norm_min,u3_norm_min,0.9092286185102311
u2_norm_min,u3_norm_skewness,-0.2189847130544212
u2_norm_min,u3_norm_kurtosis,0.11694028455129796
u2_norm_min,i1_norm_avg,-0.0384625804010693
u2_norm_min,i1_norm_max,-0.0017616930334337433
u2_norm_min,i1_norm_min,-0.02848512404958326
u2_norm_min,i1_norm_skewness,-0.029053206017414582
u2_norm_min,i1_norm_kurtosis,-0.06274366845028556
u2_norm_min,i2_norm_avg,-0.12677062382250417
u2_norm_min,i2_norm_max,-0.06887546264872679
u2_norm_min,i2_norm_min,-0.07955670038611631
u2_norm_min,i2_norm_skewness,0.0722451716854524
u2_norm_min,i2_norm_kurtosis,-0.013397160308216916
u2_norm_min,i3_norm_avg,-0.09252589298924496
u2_norm_min,i3_norm_max,-0.0659048559434834
u2_norm_min,i3_norm_min,-0.054932320671943494
u2_norm_min,i3_norm_skewness,0.04281731198824561
u2_norm_min,i3_norm_kurtosis,-0.06548586415731414
u2_norm_skewness,n_samples,0.04049812722494066
u2_norm_skewness,u1_norm_avg,-0.3427286046398083
u2_norm_skewness,u1_norm_max,-0.2369316129012517
u2_norm_skewness,u1_norm_min,-0.2543275144243867
u2_norm_skewness,u1_norm_skewness,0.7728494212672972
u2_norm_skewness,u1_norm_kurtosis,-0.5474817430659277
u2_norm_skewness,u2_norm_avg,-0.3677419535824193
u2_norm_skewness,u2_norm_max,-0.2443055111546405
u2_norm_skewness,u2_norm_min,-0.2595953078979565
u2_norm_skewness,u2_norm_skewness,1.0
u2_norm_skewness,u2_norm_kurtosis,-0.5884520325577896
u2_norm_skewness,u3_norm_avg,-0.33851177697594215
u2_norm_skewness,u3_norm_max,-0.22640598699255066
u2_norm_skewness,u3_norm_min,-0.2679412714153839
u2_norm_skewness,u3_norm_skewness,0.586275030836265
u2_norm_skewness,u3_norm_kurtosis,-0.30369644715870453
u2_norm_skewness,i1_norm_avg,0.021638870972501802
u2_norm_skewness,i1_norm_max,-0.0458460941267859
u2_norm_skewness,i1_norm_min,0.0515628715275417
u2_norm_skewness,i1_norm_skewness,0.004524393256191604
u2_norm_skewness,i1_norm_kurtosis,0.03626932633486138
u2_norm_skewness,i2_norm_avg,0.03184624724681071
u2_norm_skewness,i2_norm_max,-0.04078807097857277
u2_norm_skewness,i2_norm_min,0.04685203387018945
u2_norm_skewness,i2_norm_skewness,-0.0265343543267582
u2_norm_skewness,i2_norm_kurtosis,0.026799883548699385
u2_norm_skewness,i3_norm_avg,0.09693047470258379
u2_norm_skewness,i3_norm_max,0.07663088597545764
u2_norm_skewness,i3_norm_min,0.0866690687762741
u2_norm_skewness,i3_norm_skewness,-0.04034545720978726
u2_norm_skewness,i3_norm_kurtosis,0.04565714147151528
u2_norm_kurtosis,n_samples,-0.01840304274856104
u2_norm_kurtosis,u1_norm_avg,0.19695218964473069
u2_norm_kurtosis,u1_norm_max,0.13741375903621997
u2_norm_kurtosis,u1_norm_min,0.174369413803228
u2_norm_kurtosis,u1_norm_skewness,-0.6069273276077052
u2_norm_kurtosis,u1_norm_kurtosis,0.708236667896007
u2_norm_kurtosis,u2_norm_avg,0.19430009452354496
u2_norm_kurtosis,u2_norm_max,0.12659957805779362
u2_norm_kurtosis,u2_norm_min,0.18788423448410854
u2_norm_kurtosis,u2_norm_skewness,-0.5884520325577896
u2_norm_kurtosis,u2_norm_kurtosis,1.0
u2_norm_kurtosis,u3_norm_avg,0.18564667873484422
u2_norm_kurtosis,u3_norm_max,0.11746237907265292
u2_norm_kurtosis,u3_norm_min,0.19176937204172306
u2_norm_kurtosis,u3_norm_skewness,-0.3413825622850046
u2_norm_kurtosis,u3_norm_kurtosis,0.4236502174401063
u2_norm_kurtosis,i1_norm_avg,0.007660284484890883
u2_norm_kurtosis,i1_norm_max,0.04756611296175539
u2_norm_kurtosis,i1_norm_min,-0.034076094578843044
u2_norm_kurtosis,i1_norm_skewness,-0.022374770773433326
u2_norm_kurtosis,i1_norm_kurtosis,-0.009869009402500361
u2_norm_kurtosis,i2_norm_avg,0.01909430381963034
u2_norm_kurtosis,i2_norm_max,0.0514759316003279
u2_norm_kurtosis,i2_norm_min,-0.01373992139186091
u2_norm_kurtosis,i2_norm_skewness,-0.01948400246114617
u2_norm_kurtosis,i2_norm_kurtosis,0.0021424400264039526
u2_norm_kurtosis,i3_norm_avg,-0.03857069088403807
u2_norm_kurtosis,i3_norm_max,-0.06399873025467251
u2_norm_kurtosis,i3_norm_min,-0.010587194271802368
u2_norm_kurtosis,i3_norm_skewness,-0.010193699180866612
u2_norm_kurtosis,i3_norm_kurtosis,0.030734228596996
u3_norm_avg,n_samples,0.019996650671827917
u3_norm_avg,u1_norm_avg,0.9214589792221867
u3_norm_avg,u1_norm_max,0.8762445999945214
u3_norm_avg,u1_norm_min,0.8563353555688811
u3_norm_avg,u1_norm_skewness,-0.33184994608747215
u3_norm_avg,u1_norm_kurtosis,0.14967909195406556
u3_norm_avg,u2_norm_avg,0.9195405121965581
u3_norm_avg,u2_norm_max,0.8664234036032191
u3_norm_avg,u2_norm_min,0.8520532399615514
u3_norm_avg,u2_norm_skewness,-0.33851177697594215
u3_norm_avg,u2_norm_kurtosis,0.18564667873484422
u3_norm_avg,u3_norm_avg,1.0
u3_norm_avg,u3_norm_max,0.9424449826355221
u3_norm_avg,u3_norm_min,0.9250631822123984
u3_norm_avg,u3_norm_skewness,-0.3495140861680874
u3_norm_avg,u3_norm_kurtosis,0.08928874147207348
u3_norm_avg,i1_norm_avg,0.0521913893918239
u3_norm_avg,i1_norm_max,0.0378424906910908
u3_norm_avg,i1_norm_min,0.045977440983559895
u3_norm_avg,i1_norm_skewness,-0.09888423068704764
u3_norm_avg,i1_norm_kurtosis,-0.06636911649081767
u3_norm_avg,i2_norm_avg,-0.05206667963342661
u3_norm_avg,i2_norm_max,-0.004260653529859153
u3_norm_avg,i2_norm_min,-0.04453978168922776
u3_norm_avg,i2_norm_skewness,0.004645946229792028
u3_norm_avg,i2_norm_kurtosis,-0.02486281666504117
u3_norm_avg,i3_norm_avg,-0.024925309904964166
u3_norm_avg,i3_norm_max,-0.022025917372880902
u3_norm_avg,i3_norm_min,-0.035753041381638
u3_norm_avg,i3_norm_skewness,-0.027252280549806007
u3_norm_avg,i3_norm_kurtosis,-0.07720472739030373
u3_norm_max,n_samples,0.05891334721732619
u3_norm_max,u1_norm_avg,0.8580324062656856
u3_norm_max,u1_norm_max,0.8956747184349076
u3_norm_max,u1_norm_min,0.7654439317054499
u3_norm_max,u1_norm_skewness,-0.196809978510659
u3_norm_max,u1_norm_kurtosis,0.11660863985211761
u3_norm_max,u2_norm_avg,0.8623829423534984
u3_norm_max,u2_norm_max,0.8937252775957089
u3_norm_max,u2_norm_min,0.7638483368566774
u3_norm_max,u2_norm_skewness,-0.22640598699255066
u3_norm_max,u2_norm_kurtosis,0.11746237907265292
u3_norm_max,u3_norm_avg,0.9424449826355221
u3_norm_max,u3_norm_max,1.0
u3_norm_max,u3_norm_min,0.8268741506509829
u3_norm_max,u3_norm_skewness,-0.19562638002285523
u3_norm_max,u3_norm_kurtosis,0.057650221405519154
u3_norm_max,i1_norm_avg,0.07903310425809805
u3_norm_max,i1_norm_max,0.06586080105291739
u3_norm_max,i1_norm_min,0.05835985485847233
u3_norm_max,i1_norm_skewness,-0.11402007633338695
u3_norm_max,i1_norm_kurtosis,-0.05782156090307821
u3_norm_max,i2_norm_avg,-0.029849849583549207
u3_norm_max,i2_norm_max,0.027941295430500106
u3_norm_max,i2_norm_min,-0.040833459243660795
u3_norm_max,i2_norm_skewness,-0.02258747293500398
u3_norm_max,i2_norm_kurtosis,-0.036689139424384724
u3_norm_max,i3_norm_avg,0.029405723838003252
u3_norm_max,i3_norm_max,0.037401551710547244
u3_norm_max,i3_norm_min,-0.020062168586090917
u3_norm_max,i3_norm_skewness,-0.052792241186041367
u3_norm_max,i3_norm_kurtosis,-0.07904531098054159
u3_norm_min,n_samples,-0.0034671370023811746
u3_norm_min,u1_norm_avg,0.8659832534765544
u3_norm_min,u1_norm_max,0.7895875552969077
u3_norm_min,u1_norm_min,0.9165640181426239
u3_norm_min,u1_norm_skewness,-0.26032786727731316
u3_norm_min,u1_norm_kurtosis,0.15591769067725814
u3_norm_min,u2_norm_avg,0.8555695710710995
u3_norm_min,u2_norm_max,0.7715081729224932
u3_norm_min,u2_norm_min,0.9092286185102311
u3_norm_min,u2_norm_skewness,-0.2679412714153839
u3_norm_min,u2_norm_kurtosis,0.19176937204172306
u3_norm_min,u3_norm_avg,0.9250631822123984
u3_norm_min,u3_norm_max,0.8268741506509829
u3_norm_min,u3_norm_min,1.0
u3_norm_min,u3_norm_skewness,-0.23621665241308573
u3_norm_min,u3_norm_kurtosis,0.0943212390774275
u3_norm_min,i1_norm_avg,0.007017707652017281
u3_norm_min,i1_norm_max,-0.010083633591458535
u3_norm_min,i1_norm_min,0.024389008735205286
u3_norm_min,i1_norm_skewness,-0.06497177248071614
u3_norm_min,i1_norm_kurtosis,-0.05779043963183823
u3_norm_min,i2_norm_avg,-0.07951947788019716
u3_norm_min,i2_norm_max,-0.052277542031151994
u3_norm_min,i2_norm_min,-0.05069710968015753
u3_norm_min,i2_norm_skewness,0.03581087968295282
u3_norm_min,i2_norm_kurtosis,-0.0024814756405798083
u3_norm_min,i3_norm_avg,-0.0864623018033461
u3_norm_min,i3_norm_max,-0.09800841419242881
u3_norm_min,i3_norm_min,-0.05290455707421264
u3_norm_min,i3_norm_skewness,0.009224510145693813
u3_norm_min,i3_norm_kurtosis,-0.05937231552818475
u3_norm_skewness,n_samples,0.024123457667000955
u3_norm_skewness,u1_norm_avg,-0.34025977135509544
u3_norm_skewness,u1_norm_max,-0.21334873454065928
u3_norm_skewness,u1_norm_min,-0.22366919441821034
u3_norm_skewness,u1_norm_skewness,0.7037538265334277
u3_norm_skewness,u1_norm_kurtosis,-0.16050879271265633
u3_norm_skewness,u2_norm_avg,-0.3285168899642993
u3_norm_skewness,u2_norm_max,-0.20986133032572415
u3_norm_skewness,u2_norm_min,-0.2189847130544212
u3_norm_skewness,u2_norm_skewness,0.586275030836265
u3_norm_skewness,u2_norm_kurtosis,-0.3413825622850046
u3_norm_skewness,u3_norm_avg,-0.3495140861680874
u3_norm_skewness,u3_norm_max,-0.19562638002285523
u3_norm_skewness,u3_norm_min,-0.23621665241308573
u3_norm_skewness,u3_norm_skewness,1.0
u3_norm_skewness,u3_norm_kurtosis,-0.2939354802954177
u3_norm_skewness,i1_norm_avg,-0.01391040004913623
u3_norm_skewness,i1_norm_max,-0.053249711529027355
u3_norm_skewness,i1_norm_min,0.017183805408922056
u3_norm_skewness,i1_norm_skewness,0.022370054578197136
u3_norm_skewness,i1_norm_kurtosis,0.024553005734517686
u3_norm_skewness,i2_norm_avg,-0.0046100529651025264
u3_norm_skewness,i2_norm_max,-0.04874444696423572
u3_norm_skewness,i2_norm_min,0.009578938912621009
u3_norm_skewness,i2_norm_skewness,0.025596779789524373
u3_norm_skewness,i2_norm_kurtosis,0.046881843859878994
u3_norm_skewness,i3_norm_avg,0.03818041296345842
u3_norm_skewness,i3_norm_max,0.030516159271409098
u3_norm_skewness,i3_norm_min,0.023041281052914895
u3_norm_skewness,i3_norm_skewness,0.016103931131046297
u3_norm_skewness,i3_norm_kurtosis,0.03775823428932476
u3_norm_kurtosis,n_samples,-0.015070260735419219
u3_norm_kurtosis,u1_norm_avg,0.11218933730666587
u3_norm_kurtosis,u1_norm_max,0.10413660159978332
u3_norm_kurtosis,u1_norm_min,0.07524271248388012
u3_norm_kurtosis,u1_norm_skewness,-0.1872349657641357
u3_norm_kurtosis,u1_norm_kurtosis,0.5998057471740557
u3_norm_kurtosis,u2_norm_avg,0.15000775613778666
u3_norm_kurtosis,u2_norm_max,0.1078068160694096
u3_norm_kurtosis,u2_norm_min,0.11694028455129796
u3_norm_kurtosis,u2_norm_skewness,-0.30369644715870453
u3_norm_kurtosis,u2_norm_kurtosis,0.4236502174401063
u3_norm_kurtosis,u3_norm_avg,0.08928874147207348
u3_norm_kurtosis,u3_norm_max,0.057650221405519154
u3_norm_kurtosis,u3_norm_min,0.0943212390774275
u3_norm_kurtosis,u3_norm_skewness,-0.2939354802954177
u3_norm_kurtosis,u3_norm_kurtosis,1.0
u3_norm_kurtosis,i1_norm_avg,-0.011906532573517297
u3_norm_kurtosis,i1_norm_max,0.036884947979569094
u3_norm_kurtosis,i1_norm_min,-0.04377577908395376
u3_norm_kurtosis,i1_norm_skewness,-0.00024451114298338364
u3_norm_kurtosis,i1_norm_kurtosis,0.00041490089609258203
u3_norm_kurtosis,i2_norm_avg,-0.002849257418371006
u3_norm_kurtosis,i2_norm_max,0.03630433675854386
u3_norm_kurtosis,i2_norm_min,-0.03402741469418051
u3_norm_kurtosis,i2_norm_skewness,0.02825930074848392
u3_norm_kurtosis,i2_norm_kurtosis,0.0521268060900881
u3_norm_kurtosis,i3_norm_avg,-0.05575323908153624
u3_norm_kurtosis,i3_norm_max,-0.05806388179773866
u3_norm_kurtosis,i3_norm_min,-0.03702123652263015
u3_norm_kurtosis,i3_norm_skewness,0.028163597748964278
u3_norm_kurtosis,i3_norm_kurtosis,0.04505305334292497
i1_norm_avg,n_samples,-0.05283173956611991
i1_norm_avg,u1_norm_avg,-0.00047123851368721854
i1_norm_avg,u1_norm_max,0.03274580710210815
i1_norm_avg,u1_norm_min,-0.034160847457177436
i1_norm_avg,u1_norm_skewness,0.015168654735229468
i1_norm_avg,u1_norm_kurtosis,-0.02130542978752722
i1_norm_avg,u2_norm_avg,-0.0036622677791181947
i1_norm_avg,u2_norm_max,0.024685361583199294
i1_norm_avg,u2_norm_min,-0.0384625804010693
i1_norm_avg,u2_norm_skewness,0.021638870972501802
i1_norm_avg,u2_norm_kurtosis,0.007660284484890883
i1_norm_avg,u3_norm_avg,0.0521913893918239
i1_norm_avg,u3_norm_max,0.07903310425809805
i1_norm_avg,u3_norm_min,0.007017707652017281
i1_norm_avg,u3_norm_skewness,-0.01391040004913623
i1_norm_avg,u3_norm_kurtosis,-0.011906532573517297
i1_norm_avg,i1_norm_avg,1.0
i1_norm_avg,i1_norm_max,0.8009216150399506
i1_norm_avg,i1_norm_min,0.8001389562771083
i1_norm_avg,i1_norm_skewness,-0.5236945602241607
i1_norm_avg,i1_norm_kurtosis,-0.17702611689050674
i1_norm_avg,i2_norm_avg,0.8067820768684041
i1_norm_avg,i2_norm_max,0.6442594792919539
i1_norm_avg,i2_norm_min,0.5946263342108948
i1_norm_avg,i2_norm_skewness,-0.45351304018036964
i1_norm_avg,i2_norm_kurtosis,-0.14587849772575595
i1_norm_avg,i3_norm_avg,0.7704172843065119
i1_norm_avg,i3_norm_max,0.6470834651503053
i1_norm_avg,i3_norm_min,0.5821338185807116
i1_norm_avg,i3_norm_skewness,-0.4504675503358239
i1_norm_avg,i3_norm_kurtosis,-0.09089569749609588
i1_norm_max,n_samples,0.0010885557165413557
i1_norm_max,u1_norm_avg,0.003952080016045603
i1_norm_max,u1_norm_max,0.03896293829260605
i1_norm_max,u1_norm_min,-0.04484451269389753
i1_norm_max,u1_norm_skewness,-0.05341471942982798
i1_norm_max,u1_norm_kurtosis,0.02744451838440284
i1_norm_max,u2_norm_avg,0.044018801687381356
i1_norm_max,u2_norm_max,0.07442308933854375
i1_norm_max,u2_norm_min,-0.0017616930334337433
i1_norm_max,u2_norm_skewness,-0.0458460941267859
i1_norm_max,u2_norm_kurtosis,0.04756611296175539
i1_norm_max,u3_norm_avg,0.0378424906910908
i1_norm_max,u3_norm_max,0.06586080105291739
i1_norm_max,u3_norm_min,-0.010083633591458535
i1_norm_max,u3_norm_skewness,-0.053249711529027355
i1_norm_max,u3_norm_kurtosis,0.036884947979569094
i1_norm_max,i1_norm_avg,0.8009216150399506
i1_norm_max,i1_norm_max,1.0
i1_norm_max,i1_norm_min,0.4985662837123965
i1_norm_max,i1_norm_skewness,-0.3349883550351195
i1_norm_max,i1_norm_kurtosis,-0.23058480609964108
i1_norm_max,i2_norm_avg,0.6343125156107009
i1_norm_max,i2_norm_max,0.7884435104405118
i1_norm_max,i2_norm_min,0.36193418034724095
i1_norm_max,i2_norm_skewness,-0.3122931767500935
i1_norm_max,i2_norm_kurtosis,-0.19549963129999068
i1_norm_max,i3_norm_avg,0.6225289675471574
i1_norm_max,i3_norm_max,0.7802249312343489
i1_norm_max,i3_norm_min,0.3792479721221643
i1_norm_max,i3_norm_skewness,-0.26234215872145494
i1_norm_max,i3_norm_kurtosis,-0.11500636589252386
i1_norm_min,n_samples,-0.10089711149059351
i1_norm_min,u1_norm_avg,-0.012220195256922486
i1_norm_min,u1_norm_max,0.0034953103091658667
i1_norm_min,u1_norm_min,-0.021873521457567734
i1_norm_min,u1_norm_skewness,0.050558383956120494
i1_norm_min,u1_norm_kurtosis,-0.05257929540386875
i1_norm_min,u2_norm_avg,-0.013006650186152768
i1_norm_min,u2_norm_max,0.00228786609150314
i1_norm_min,u2_norm_min,-0.02848512404958326
i1_norm_min,u2_norm_skewness,0.0515628715275417
i1_norm_min,u2_norm_kurtosis,-0.034076094578843044
i1_norm_min,u3_norm_avg,0.045977440983559895
i1_norm_min,u3_norm_max,0.05835985485847233
i1_norm_min,u3_norm_min,0.024389008735205286
i1_norm_min,u3_norm_skewness,0.017183805408922056
i1_norm_min,u3_norm_kurtosis,-0.04377577908395376
i1_norm_min,i1_norm_avg,0.8001389562771083
i1_norm_min,i1_norm_max,0.4985662837123965
i1_norm_min,i1_norm_min,1.0
i1_norm_min,i1_norm_skewness,-0.370561431820683
i1_norm_min,i1_norm_kurtosis,-0.028753083949546177
i1_norm_min,i2_norm_avg,0.6202818903192054
i1_norm_min,i2_norm_max,0.377465425805369
i1_norm_min,i2_norm_min,0.7221024239020862
i1_norm_min,i2_norm_skewness,-0.3009975485224398
i1_norm_min,i2_norm_kurtosis,-0.04392732327220528
i1_norm_min,i3_norm_avg,0.5420559992138749
i1_norm_min,i3_norm_max,0.37490553809195987
i1_norm_min,i3_norm_min,0.6519521380495564
i1_norm_min,i3_norm_skewness,-0.3005243353588745
i1_norm_min,i3_norm_kurtosis,-0.00615358985623576
i1_norm_skewness,n_samples,-0.07047819643429012
i1_norm_skewness,u1_norm_avg,-0.07700336256114865
i1_norm_skewness,u1_norm_max,-0.09226375418833577
i1_norm_skewness,u1_norm_min,-0.05311615981039606
i1_norm_skewness,u1_norm_skewness,0.018594010572254
i1_norm_skewness,u1_norm_kurtosis,-0.006537745189827965
i1_norm_skewness,u2_norm_avg,-0.05366216829775292
i1_norm_skewness,u2_norm_max,-0.06778640609143537
i1_norm_skewness,u2_norm_min,-0.029053206017414582
i1_norm_skewness,u2_norm_skewness,0.004524393256191604
i1_norm_skewness,u2_norm_kurtosis,-0.022374770773433326
i1_norm_skewness,u3_norm_avg,-0.09888423068704764
i1_norm_skewness,u3_norm_max,-0.11402007633338695
i1_norm_skewness,u3_norm_min,-0.06497177248071614
i1_norm_skewness,u3_norm_skewness,0.022370054578197136
i1_norm_skewness,u3_norm_kurtosis,-0.00024451114298338364
i1_norm_skewness,i1_norm_avg,-0.5236945602241607
i1_norm_skewness,i1_norm_max,-0.3349883550351195
i1_norm_skewness,i1_norm_min,-0.370561431820683
i1_norm_skewness,i1_norm_skewness,1.0
i1_norm_skewness,i1_norm_kurtosis,0.5920990588510546
i1_norm_skewness,i2_norm_avg,-0.2936871947417976
i1_norm_skewness,i2_norm_max,-0.18200609563551443
i1_norm_skewness,i2_norm_min,-0.16366894745189262
i1_norm_skewness,i2_norm_skewness,0.37026986171524034
i1_norm_skewness,i2_norm_kurtosis,0.17435069250517748
i1_norm_skewness,i3_norm_avg,-0.31420780020663563
i1_norm_skewness,i3_norm_max,-0.206913406516381
i1_norm_skewness,i3_norm_min,-0.1820701038003353
i1_norm_skewness,i3_norm_skewness,0.3813438073311295
i1_norm_skewness,i3_norm_kurtosis,0.12855942731650608
i1_norm_kurtosis,n_samples,-0.02764342077694047
i1_norm_kurtosis,u1_norm_avg,-0.05869672576953572
i1_norm_kurtosis,u1_norm_max,-0.05051830625653654
i1_norm_kurtosis,u1_norm_min,-0.05357528023764229
i1_norm_kurtosis,u1_norm_skewness,0.02918845481458526
i1_norm_kurtosis,u1_norm_kurtosis,-0.0017816668573818497
i1_norm_kurtosis,u2_norm_avg,-0.06986593880202262
i1_norm_kurtosis,u2_norm_max,-0.06087543784636946
i1_norm_kurtosis,u2_norm_min,-0.06274366845028556
i1_norm_kurtosis,u2_norm_skewness,0.03626932633486138
i1_norm_kurtosis,u2_norm_kurtosis,-0.009869009402500361
i1_norm_kurtosis,u3_norm_avg,-0.06636911649081767
i1_norm_kurtosis,u3_norm_max,-0.05782156090307821
i1_norm_kurtosis,u3_norm_min,-0.05779043963183823
i1_norm_kurtosis,u3_norm_skewness,0.024553005734517686
i1_norm_kurtosis,u3_norm_kurtosis,0.00041490089609258203
i1_norm_kurtosis,i1_norm_avg,-0.17702611689050674
i1_norm_kurtosis,i1_norm_max,-0.23058480609964108
i1_norm_kurtosis,i1_norm_min,-0.028753083949546177
i1_norm_kurtosis,i1_norm_skewness,0.5920990588510546
i1_norm_kurtosis,i1_norm_kurtosis,1.0
i1_norm_kurtosis,i2_norm_avg,0.027336725539170426
i1_norm_kurtosis,i2_norm_max,-0.05733968842355767
i1_norm_kurtosis,i2_norm_min,0.0806816995007162
i1_norm_kurtosis,i2_norm_skewness,0.08934765722401261
i1_norm_kurtosis,i2_norm_kurtosis,0.19103325677057942
i1_norm_kurtosis,i3_norm_avg,0.027718874792248972
i1_norm_kurtosis,i3_norm_max,-0.0540762436846396
i1_norm_kurtosis,i3_norm_min,0.1074045126150766
i1_norm_kurtosis,i3_norm_skewness,0.034099203077087616
i1_norm_kurtosis,i3_norm_kurtosis,0.20703856402155488
i2_norm_avg,n_samples,-0.03929051411865621
i2_norm_avg,u1_norm_avg,-0.07223987376043224
i2_norm_avg,u1_norm_max,-0.04380326588233099
i2_norm_avg,u1_norm_min,-0.08968627288109522
i2_norm_avg,u1_norm_skewness,0.01953557129352036
i2_norm_avg,u1_norm_kurtosis,-0.014483033800882228
i2_norm_avg,u2_norm_avg,-0.10785788713401606
i2_norm_avg,u2_norm_max,-0.08099221819343712
i2_norm_avg,u2_norm_min,-0.12677062382250417
i2_norm_avg,u2_norm_skewness,0.03184624724681071
i2_norm_avg,u2_norm_kurtosis,0.01909430381963034
i2_norm_avg,u3_norm_avg,-0.05206667963342661
i2_norm_avg,u3_norm_max,-0.029849849583549207
i2_norm_avg,u3_norm_min,-0.07951947788019716
i2_norm_avg,u3_norm_skewness,-0.0046100529651025264
i2_norm_avg,u3_norm_kurtosis,-0.002849257418371006
i2_norm_avg,i1_norm_avg,0.8067820768684041
i2_norm_avg,i1_norm_max,0.6343125156107009
i2_norm_avg,i1_norm_min,0.6202818903192054
i2_norm_avg,i1_norm_skewness,-0.2936871947417976
i2_norm_avg,i1_norm_kurtosis,0.027336725539170426
i2_norm_avg,i2_norm_avg,1.0
i2_norm_avg,i2_norm_max,0.7825415948623552
i2_norm_avg,i2_norm_min,0.7757083746581631
i2_norm_avg,i2_norm_skewness,-0.5344504209971224
i2_norm_avg,i2_norm_kurtosis,-0.1523729215668807
i2_norm_avg,i3_norm_avg,0.8306252014519249
i2_norm_avg,i3_norm_max,0.6662876273079059
i2_norm_avg,i3_norm_min,0.6554963592136496
i2_norm_avg,i3_norm_skewness,-0.4787133458586397
i2_norm_avg,i3_norm_kurtosis,-0.059343186279120115
i2_norm_max,n_samples,0.012322857724765638
i2_norm_max,u1_norm_avg,-0.028184586175827246
i2_norm_max,u1_norm_max,0.013325722815883345
i2_norm_max,u1_norm_min,-0.07685390746499056
i2_norm_max,u1_norm_skewness,-0.04955444829336658
i2_norm_max,u1_norm_kurtosis,0.030107442355672996
i2_norm_max,u2_norm_avg,-0.021900256132904538
i2_norm_max,u2_norm_max,0.015589131022124322
i2_norm_max,u2_norm_min,-0.06887546264872679
i2_norm_max,u2_norm_skewness,-0.04078807097857277
i2_norm_max,u2_norm_kurtosis,0.0514759316003279
i2_norm_max,u3_norm_avg,-0.004260653529859153
i2_norm_max,u3_norm_max,0.027941295430500106
i2_norm_max,u3_norm_min,-0.052277542031151994
i2_norm_max,u3_norm_skewness,-0.04874444696423572
i2_norm_max,u3_norm_kurtosis,0.03630433675854386
i2_norm_max,i1_norm_avg,0.6442594792919539
i2_norm_max,i1_norm_max,0.7884435104405118
i2_norm_max,i1_norm_min,0.377465425805369
i2_norm_max,i1_norm_skewness,-0.18200609563551443
i2_norm_max,i1_norm_kurtosis,-0.05733968842355767
i2_norm_max,i2_norm_avg,0.7825415948623552
i2_norm_max,i2_norm_max,1.0
i2_norm_max,i2_norm_min,0.4548994634522874
i2_norm_max,i2_norm_skewness,-0.3249702688574782
i2_norm_max,i2_norm_kurtosis,-0.2167771901309011
i2_norm_max,i3_norm_avg,0.6433219443213584
i2_norm_max,i3_norm_max,0.7825790494042435
i2_norm_max,i3_norm_min,0.38789760659361383
i2_norm_max,i3_norm_skewness,-0.2633485187932844
i2_norm_max,i3_norm_kurtosis,-0.09494709169695972
i2_norm_min,n_samples,-0.09129861119213366
i2_norm_min,u1_norm_avg,-0.0583705913554977
i2_norm_min,u1_norm_max,-0.058579063585695375
i2_norm_min,u1_norm_min,-0.05018692013982695
i2_norm_min,u1_norm_skewness,0.039152446608345125
i2_norm_min,u1_norm_kurtosis,-0.04075590310010529
i2_norm_min,u2_norm_avg,-0.08128333560761557
i2_norm_min,u2_norm_max,-0.07775231273818461
i2_norm_min,u2_norm_min,-0.07955670038611631
i2_norm_min,u2_norm_skewness,0.04685203387018945
i2_norm_min,u2_norm_kurtosis,-0.01373992139186091
i2_norm_min,u3_norm_avg,-0.04453978168922776
i2_norm_min,u3_norm_max,-0.040833459243660795
i2_norm_min,u3_norm_min,-0.05069710968015753
i2_norm_min,u3_norm_skewness,0.009578938912621009
i2_norm_min,u3_norm_kurtosis,-0.03402741469418051
i2_norm_min,i1_norm_avg,0.5946263342108948
i2_norm_min,i1_norm_max,0.36193418034724095
i2_norm_min,i1_norm_min,0.7221024239020862
i2_norm_min,i1_norm_skewness,-0.16366894745189262
i2_norm_min,i1_norm_kurtosis,0.0806816995007162
i2_norm_min,i2_norm_avg,0.7757083746581631
i2_norm_min,i2_norm_max,0.4548994634522874
i2_norm_min,i2_norm_min,1.0
i2_norm_min,i2_norm_skewness,-0.3793082759598067
i2_norm_min,i2_norm_kurtosis,0.012994606215167109
i2_norm_min,i3_norm_avg,0.599423281467884
i2_norm_min,i3_norm_max,0.3929313814273644
i2_norm_min,i3_norm_min,0.7716526884088227
i2_norm_min,i3_norm_skewness,-0.3361484341068909
i2_norm_min,i3_norm_kurtosis,0.047362717738118815
i2_norm_skewness,n_samples,-0.06309757778845641
i2_norm_skewness,u1_norm_avg,0.002490175740465649
i2_norm_skewness,u1_norm_max,-0.0289556056501392
i2_norm_skewness,u1_norm_min,0.026069087185459413
i2_norm_skewness,u1_norm_skewness,0.009563558498308623
i2_norm_skewness,u1_norm_kurtosis,0.02128529282078269
i2_norm_skewness,u2_norm_avg,0.04501389599935457
i2_norm_skewness,u2_norm_max,0.0036643945028101413
i2_norm_skewness,u2_norm_min,0.0722451716854524
i2_norm_skewness,u2_norm_skewness,-0.0265343543267582
i2_norm_skewness,u2_norm_kurtosis,-0.01948400246114617
i2_norm_skewness,u3_norm_avg,0.004645946229792028
i2_norm_skewness,u3_norm_max,-0.02258747293500398
i2_norm_skewness,u3_norm_min,0.03581087968295282
i2_norm_skewness,u3_norm_skewness,0.025596779789524373
i2_norm_skewness,u3_norm_kurtosis,0.02825930074848392
i2_norm_skewness,i1_norm_avg,-0.45351304018036964
i2_norm_skewness,i1_norm_max,-0.3122931767500935
i2_norm_skewness,i1_norm_min,-0.3009975485224398
i2_norm_skewness,i1_norm_skewness,0.37026986171524034
i2_norm_skewness,i1_norm_kurtosis,0.08934765722401261
i2_norm_skewness,i2_norm_avg,-0.5344504209971224
i2_norm_skewness,i2_norm_max,-0.3249702688574782
i2_norm_skewness,i2_norm_min,-0.3793082759598067
i2_norm_skewness,i2_norm_skewness,1.0
i2_norm_skewness,i2_norm_kurtosis,0.5740054116600765
i2_norm_skewness,i3_norm_avg,-0.5027788424417828
i2_norm_skewness,i3_norm_max,-0.338571858736971
i2_norm_skewness,i3_norm_min,-0.3764610804785806
i2_norm_skewness,i3_norm_skewness,0.5317668056618313
i2_norm_skewness,i3_norm_kurtosis,0.14138209992885645
i2_norm_kurtosis,n_samples,-0.05469916306737368
i2_norm_kurtosis,u1_norm_avg,-0.019913115576313836
i2_norm_kurtosis,u1_norm_max,-0.03601047420079701
i2_norm_kurtosis,u1_norm_min,-0.00013661385687639092
i2_norm_kurtosis,u1_norm_skewness,0.04247501353527142
i2_norm_kurtosis,u1_norm_kurtosis,0.04135686787950091
i2_norm_kurtosis,u2_norm_avg,-0.03177649339596848
i2_norm_kurtosis,u2_norm_max,-0.04960108870564934
i2_norm_kurtosis,u2_norm_min,-0.013397160308216916
i2_norm_kurtosis,u2_norm_skewness,0.026799883548699385
i2_norm_kurtosis,u2_norm_kurtosis,0.0021424400264039526
i2_norm_kurtosis,u3_norm_avg,-0.02486281666504117
i2_norm_kurtosis,u3_norm_max,-0.036689139424384724
i2_norm_kurtosis,u3_norm_min,-0.0024814756405798083
i2_norm_kurtosis,u3_norm_skewness,0.046881843859878994
i2_norm_kurtosis,u3_norm_kurtosis,0.0521268060900881
i2_norm_kurtosis,i1_norm_avg,-0.14587849772575595
i2_norm_kurtosis,i1_norm_max,-0.19549963129999068
i2_norm_kurtosis,i1_norm_min,-0.04392732327220528
i2_norm_kurtosis,i1_norm_skewness,0.17435069250517748
i2_norm_kurtosis,i1_norm_kurtosis,0.19103325677057942
i2_norm_kurtosis,i2_norm_avg,-0.1523729215668807
i2_norm_kurtosis,i2_norm_max,-0.2167771901309011
i2_norm_kurtosis,i2_norm_min,0.012994606215167109
i2_norm_kurtosis,i2_norm_skewness,0.5740054116600765
i2_norm_kurtosis,i2_norm_kurtosis,1.0
i2_norm_kurtosis,i3_norm_avg,-0.13723440196311096
i2_norm_kurtosis,i3_norm_max,-0.1904249161255177
i2_norm_kurtosis,i3_norm_min,0.005094640539965796
i2_norm_kurtosis,i3_norm_skewness,0.1783829339245253
i2_norm_kurtosis,i3_norm_kurtosis,0.2731320818882269
i3_norm_avg,n_samples,0.17659164017378903
i3_norm_avg,u1_norm_avg,-0.02592737851161496
i3_norm_avg,u1_norm_max,0.03410367609275311
i3_norm_avg,u1_norm_min,-0.06559611783544476
i3_norm_avg,u1_norm_skewness,0.08947781163239811
i3_norm_avg,u1_norm_kurtosis,-0.07038827942601361
i3_norm_avg,u2_norm_avg,-0.042141371475074345
i3_norm_avg,u2_norm_max,0.021743963596610336
i3_norm_avg,u2_norm_min,-0.09252589298924496
i3_norm_avg,u2_norm_skewness,0.09693047470258379
i3_norm_avg,u2_norm_kurtosis,-0.03857069088403807
i3_norm_avg,u3_norm_avg,-0.024925309904964166
i3_norm_avg,u3_norm_max,0.029405723838003252
i3_norm_avg,u3_norm_min,-0.0864623018033461
i3_norm_avg,u3_norm_skewness,0.03818041296345842
i3_norm_avg,u3_norm_kurtosis,-0.05575323908153624
i3_norm_avg,i1_norm_avg,0.7704172843065119
i3_norm_avg,i1_norm_max,0.6225289675471574
i3_norm_avg,i1_norm_min,0.5420559992138749
i3_norm_avg,i1_norm_skewness,-0.31420780020663563
i3_norm_avg,i1_norm_kurtosis,0.027718874792248972
i3_norm_avg,i2_norm_avg,0.8306252014519249
i3_norm_avg,i2_norm_max,0.6433219443213584
i3_norm_avg,i2_norm_min,0.599423281467884
i3_norm_avg,i2_norm_skewness,-0.5027788424417828
i3_norm_avg,i2_norm_kurtosis,-0.13723440196311096
i3_norm_avg,i3_norm_avg,1.0
i3_norm_avg,i3_norm_max,0.8011340727483298
i3_norm_avg,i3_norm_min,0.7653708952586884
i3_norm_avg,i3_norm_skewness,-0.5974790745124483
i3_norm_avg,i3_norm_kurtosis,-0.1098700530833379
i3_norm_max,n_samples,0.17511046502167554
i3_norm_max,u1_norm_avg,-0.03210571701566687
i3_norm_max,u1_norm_max,0.030637378168390562
i3_norm_max,u1_norm_min,-0.08658026069848829
i3_norm_max,u1_norm_skewness,0.0769038397586075
i3_norm_max,u1_norm_kurtosis,-0.07886303558478888
i3_norm_max,u2_norm_avg,-0.0022136510384816875
i3_norm_max,u2_norm_max,0.062351216077773865
i3_norm_max,u2_norm_min,-0.0659048559434834
i3_norm_max,u2_norm_skewness,0.07663088597545764
i3_norm_max,u2_norm_kurtosis,-0.06399873025467251
i3_norm_max,u3_norm_avg,-0.022025917372880902
i3_norm_max,u3_norm_max,0.037401551710547244
i3_norm_max,u3_norm_min,-0.09800841419242881
i3_norm_max,u3_norm_skewness,0.030516159271409098
i3_norm_max,u3_norm_kurtosis,-0.05806388179773866
i3_norm_max,i1_norm_avg,0.6470834651503053
i3_norm_max,i1_norm_max,0.7802249312343489
i3_norm_max,i1_norm_min,0.37490553809195987
i3_norm_max,i1_norm_skewness,-0.206913406516381
i3_norm_max,i1_norm_kurtosis,-0.0540762436846396
i3_norm_max,i2_norm_avg,0.6662876273079059
i3_norm_max,i2_norm_max,0.7825790494042435
i3_norm_max,i2_norm_min,0.3929313814273644
i3_norm_max,i2_norm_skewness,-0.338571858736971
i3_norm_max,i2_norm_kurtosis,-0.1904249161255177
i3_norm_max,i3_norm_avg,0.8011340727483298
i3_norm_max,i3_norm_max,1.0
i3_norm_max,i3_norm_min,0.48173808795792067
i3_norm_max,i3_norm_skewness,-0.3484223656753672
i3_norm_max,i3_norm_kurtosis,-0.16873047294442894
i3_norm_min,n_samples,-0.006583396611833393
i3_norm_min,u1_norm_avg,-0.017112763894527174
i3_norm_min,u1_norm_max,0.0051208482889983685
i3_norm_min,u1_norm_min,-0.02462714677997845
i3_norm_min,u1_norm_skewness,0.06723940622920024
i3_norm_min,u1_norm_kurtosis,-0.049079927806828245
i3_norm_min,u2_norm_avg,-0.03882535638077204
i3_norm_min,u2_norm_max,-0.01078427811516557
i3_norm_min,u2_norm_min,-0.054932320671943494
i3_norm_min,u2_norm_skewness,0.0866690687762741
i3_norm_min,u2_norm_kurtosis,-0.010587194271802368
i3_norm_min,u3_norm_avg,-0.035753041381638
i3_norm_min,u3_norm_max,-0.020062168586090917
i3_norm_min,u3_norm_min,-0.05290455707421264
i3_norm_min,u3_norm_skewness,0.023041281052914895
i3_norm_min,u3_norm_kurtosis,-0.03702123652263015
i3_norm_min,i1_norm_avg,0.5821338185807116
i3_norm_min,i1_norm_max,0.3792479721221643
i3_norm_min,i1_norm_min,0.6519521380495564
i3_norm_min,i1_norm_skewness,-0.1820701038003353
i3_norm_min,i1_norm_kurtosis,0.1074045126150766
i3_norm_min,i2_norm_avg,0.6554963592136496
i3_norm_min,i2_norm_max,0.38789760659361383
i3_norm_min,i2_norm_min,0.7716526884088227
i3_norm_min,i2_norm_skewness,-0.3764610804785806
i3_norm_min,i2_norm_kurtosis,0.005094640539965796
i3_norm_min,i3_norm_avg,0.7653708952586884
i3_norm_min,i3_norm_max,0.48173808795792067
i3_norm_min,i3_norm_min,1.0
i3_norm_min,i3_norm_skewness,-0.46412485318467156
i3_norm_min,i3_norm_kurtosis,0.08504340737933763
i3_norm_skewness,n_samples,-0.0965274953381039
i3_norm_skewness,u1_norm_avg,-0.011339566134276847
i3_norm_skewness,u1_norm_max,-0.034957296837986415
i3_norm_skewness,u1_norm_min,0.00908398019847333
i3_norm_skewness,u1_norm_skewness,-0.01080982882482078
i3_norm_skewness,u1_norm_kurtosis,0.024707149248399733
i3_norm_skewness,u2_norm_avg,0.012380997340951794
i3_norm_skewness,u2_norm_max,-0.01723786191543952
i3_norm_skewness,u2_norm_min,0.04281731198824561
i3_norm_skewness,u2_norm_skewness,-0.04034545720978726
i3_norm_skewness,u2_norm_kurtosis,-0.010193699180866612
i3_norm_skewness,u3_norm_avg,-0.027252280549806007
i3_norm_skewness,u3_norm_max,-0.052792241186041367
i3_norm_skewness,u3_norm_min,0.009224510145693813
i3_norm_skewness,u3_norm_skewness,0.016103931131046297
i3_norm_skewness,u3_norm_kurtosis,0.028163597748964278
i3_norm_skewness,i1_norm_avg,-0.4504675503358239
i3_norm_skewness,i1_norm_max,-0.26234215872145494
i3_norm_skewness,i1_norm_min,-0.3005243353588745
i3_norm_skewness,i1_norm_skewness,0.3813438073311295
i3_norm_skewness,i1_norm_kurtosis,0.034099203077087616
i3_norm_skewness,i2_norm_avg,-0.4787133458586397
i3_norm_skewness,i2_norm_max,-0.2633485187932844
i3_norm_skewness,i2_norm_min,-0.3361484341068909
i3_norm_skewness,i2_norm_skewness,0.5317668056618313
i3_norm_skewness,i2_norm_kurtosis,0.1783829339245253
i3_norm_skewness,i3_norm_avg,-0.5974790745124483
i3_norm_skewness,i3_norm_max,-0.3484223656753672
i3_norm_skewness,i3_norm_min,-0.46412485318467156
i3_norm_skewness,i3_norm_skewness,1.0
i3_norm_skewness,i3_norm_kurtosis,0.39347863159822366
i3_norm_kurtosis,n_samples,-0.04345013154768904
i3_norm_kurtosis,u1_norm_avg,-0.03713337647434564
i3_norm_kurtosis,u1_norm_max,-0.034311804506566575
i3_norm_kurtosis,u1_norm_min,-0.032131562981112624
i3_norm_kurtosis,u1_norm_skewness,0.028192727069976335
i3_norm_kurtosis,u1_norm_kurtosis,0.03317851831293783
i3_norm_kurtosis,u2_norm_avg,-0.07733651727455915
i3_norm_kurtosis,u2_norm_max,-0.07476277652275162
i3_norm_kurtosis,u2_norm_min,-0.06548586415731414
i3_norm_kurtosis,u2_norm_skewness,0.04565714147151528
i3_norm_kurtosis,u2_norm_kurtosis,0.030734228596996
i3_norm_kurtosis,u3_norm_avg,-0.07720472739030373
i3_norm_kurtosis,u3_norm_max,-0.07904531098054159
i3_norm_kurtosis,u3_norm_min,-0.05937231552818475
i3_norm_kurtosis,u3_norm_skewness,0.03775823428932476
i3_norm_kurtosis,u3_norm_kurtosis,0.04505305334292497
i3_norm_kurtosis,i1_norm_avg,-0.09089569749609588
i3_norm_kurtosis,i1_norm_max,-0.11500636589252386
i3_norm_kurtosis,i1_norm_min,-0.00615358985623576
i3_norm_kurtosis,i1_norm_skewness,0.12855942731650608
i3_norm_kurtosis,i1_norm_kurtosis,0.20703856402155488
i3_norm_kurtosis,i2_norm_avg,-0.059343186279120115
i3_norm_kurtosis,i2_norm_max,-0.09494709169695972
i3_norm_kurtosis,i2_norm_min,0.047362717738118815
i3_norm_kurtosis,i2_norm_skewness,0.14138209992885645
i3_norm_kurtosis,i2_norm_kurtosis,0.2731320818882269
i3_norm_kurtosis,i3_norm_avg,-0.1098700530833379
i3_norm_kurtosis,i3_norm_max,-0.16873047294442894
i3_norm_kurtosis,i3_norm_min,0.08504340737933763
i3_norm_kurtosis,i3_norm_skewness,0.39347863159822366
i3_norm_kurtosis,i3_norm_kurtosis,1.0
